USE smm_tarefas;
-- ----------------------------------------------------------
-- utilizador
-- psw é sempre '000'
-- ----------------------------------------------------------
INSERT INTO `utilizador` (`id`,`username`,`email`,`psw`,`grp`,`dh_registo`)
VALUES
    (1,'admin','non.hendrerit.id@outlook.net','46ce139b40981a5ce76630f91f40367654f72180376b253d8e299593e47b3813','0','2021-07-04 10:05:37.7'),
    (2,'Merrill','nibh@outlook.couk','46ce139b40981a5ce76630f91f40367654f72180376b253d8e299593e47b3813','0','2022-07-24 03:40:56.7'),
    (3,'Jelani','lectus@google.net','46ce139b40981a5ce76630f91f40367654f72180376b253d8e299593e47b3813','0','2022-08-10 07:50:54.3'),
    (4,'Aladdin','lorem.vitae.odio@outlook.com','46ce139b40981a5ce76630f91f40367654f72180376b253d8e299593e47b3813','0','2021-07-16 08:48:11.5'),
    (5,'Drew','quis.arcu@hotmail.ca','46ce139b40981a5ce76630f91f40367654f72180376b253d8e299593e47b3813','0','2021-02-04 15:09:34.4'),
    (6,'Ina','egestas@protonmail.edu','46ce139b40981a5ce76630f91f40367654f72180376b253d8e299593e47b3813','0','2021-07-06 07:28:15.2'),
    (7,'Tatum','dictum.sapien@aol.net','46ce139b40981a5ce76630f91f40367654f72180376b253d8e299593e47b3813','0','2021-10-08 08:16:33.5'),
    (8,'Jennifer','metus.sit@outlook.couk','46ce139b40981a5ce76630f91f40367654f72180376b253d8e299593e47b3813','0','2022-05-01 08:40:32.7'),
    (9,'Jeremy','gravida.sit.amet@yahoo.com','46ce139b40981a5ce76630f91f40367654f72180376b253d8e299593e47b3813','0','2021-09-14 16:59:08.2'),
    (10,'Oliver','eleifend.nec@icloud.edu','46ce139b40981a5ce76630f91f40367654f72180376b253d8e299593e47b3813','0','2022-04-24 16:05:18.7');
INSERT INTO `utilizador` (`id`,`username`,`email`,`psw`,`grp`,`dh_registo`)
VALUES
    (11,'Alana','ante.bibendum@yahoo.net','46ce139b40981a5ce76630f91f40367654f72180376b253d8e299593e47b3813','0','2022-05-15 19:05:45.7'),
    (12,'Laurel','fermentum.vel@outlook.net','46ce139b40981a5ce76630f91f40367654f72180376b253d8e299593e47b3813','0','2022-07-25 00:43:23.1'),
    (13,'Elizabeth','lobortis.mauris@hotmail.edu','46ce139b40981a5ce76630f91f40367654f72180376b253d8e299593e47b3813','0','2022-02-20 09:25:20.7'),
    (14,'Drake','imperdiet.dictum@protonmail.couk','46ce139b40981a5ce76630f91f40367654f72180376b253d8e299593e47b3813','0','2022-03-20 08:48:53.7'),
    (15,'Leandra','ante.iaculis@icloud.ca','46ce139b40981a5ce76630f91f40367654f72180376b253d8e299593e47b3813','0','2022-04-06 02:06:32.3'),
    (16,'Iris','aliquam.adipiscing@protonmail.couk','46ce139b40981a5ce76630f91f40367654f72180376b253d8e299593e47b3813','0','2021-01-20 20:58:54.3'),
    (17,'Jordan','quam.pellentesque@google.org','46ce139b40981a5ce76630f91f40367654f72180376b253d8e299593e47b3813','0','2021-05-13 13:22:53.4'),
    (18,'Carson','dictum@hotmail.edu','46ce139b40981a5ce76630f91f40367654f72180376b253d8e299593e47b3813','0','2022-09-16 12:42:28.5'),
    (19,'Ezra','fermentum.convallis@outlook.org','46ce139b40981a5ce76630f91f40367654f72180376b253d8e299593e47b3813','0','2022-04-26 07:21:04.2'),
    (20,'Kyle','purus.sapien.gravida@yahoo.org','46ce139b40981a5ce76630f91f40367654f72180376b253d8e299593e47b3813','0','2022-04-29 11:12:22.5');
INSERT INTO `utilizador` (`id`,`username`,`email`,`psw`,`grp`,`dh_registo`)
VALUES
    (21,'Carolyn','lacus.pede@outlook.net','46ce139b40981a5ce76630f91f40367654f72180376b253d8e299593e47b3813','0','2022-04-09 08:21:16.6'),
    (22,'Cooper','ultrices.duis@aol.couk','46ce139b40981a5ce76630f91f40367654f72180376b253d8e299593e47b3813','0','2022-07-16 11:58:19.6'),
    (23,'Zia','pharetra.quisque.ac@outlook.couk','46ce139b40981a5ce76630f91f40367654f72180376b253d8e299593e47b3813','0','2021-11-29 20:12:31.1'),
    (24,'Ray','ullamcorper.viverra@aol.org','46ce139b40981a5ce76630f91f40367654f72180376b253d8e299593e47b3813','0','2022-02-24 09:35:17.4'),
    (25,'Cyrus','dignissim.pharetra.nam@aol.com','46ce139b40981a5ce76630f91f40367654f72180376b253d8e299593e47b3813','0','2022-07-25 11:50:28.1'),
    (26,'Alfreda','id.sapien.cras@icloud.net','46ce139b40981a5ce76630f91f40367654f72180376b253d8e299593e47b3813','0','2022-03-18 12:07:19.5'),
    (27,'Imogene','sapien.aenean.massa@hotmail.com','46ce139b40981a5ce76630f91f40367654f72180376b253d8e299593e47b3813','0','2022-10-26 04:20:27.3'),
    (28,'Piper','neque.venenatis@hotmail.net','46ce139b40981a5ce76630f91f40367654f72180376b253d8e299593e47b3813','0','2022-09-18 16:10:15.7'),
    (29,'Xanthus','posuere@aol.org','46ce139b40981a5ce76630f91f40367654f72180376b253d8e299593e47b3813','0','2021-11-16 05:25:13.2'),
    (30,'Hop','ut.nisi.a@outlook.couk','46ce139b40981a5ce76630f91f40367654f72180376b253d8e299593e47b3813','0','2021-04-10 02:33:00.6');
INSERT INTO `utilizador` (`id`,`username`,`email`,`psw`,`grp`,`dh_registo`)
VALUES
    (31,'Nomlanga','luctus.ipsum.leo@hotmail.couk','46ce139b40981a5ce76630f91f40367654f72180376b253d8e299593e47b3813','0','2021-12-10 18:27:31.5'),
    (32,'Samson','ligula.nullam@outlook.com','46ce139b40981a5ce76630f91f40367654f72180376b253d8e299593e47b3813','0','2022-01-31 07:10:06.1'),
    (33,'Kerry','pretium@aol.com','46ce139b40981a5ce76630f91f40367654f72180376b253d8e299593e47b3813','0','2021-07-01 03:59:21.4'),
    (34,'Zephania','magna@google.edu','46ce139b40981a5ce76630f91f40367654f72180376b253d8e299593e47b3813','0','2022-06-16 02:24:36.4'),
    (35,'Beck','quis@yahoo.com','46ce139b40981a5ce76630f91f40367654f72180376b253d8e299593e47b3813','0','2021-03-22 10:33:03.1'),
    (36,'Jocelyn','rhoncus.id@yahoo.com','46ce139b40981a5ce76630f91f40367654f72180376b253d8e299593e47b3813','0','2021-03-16 03:35:57.2'),
    (37,'Bruce','velit.eget.laoreet@hotmail.ca','46ce139b40981a5ce76630f91f40367654f72180376b253d8e299593e47b3813','0','2021-10-26 02:42:11.2'),
    (38,'Mariam','ut@yahoo.edu','46ce139b40981a5ce76630f91f40367654f72180376b253d8e299593e47b3813','0','2021-05-21 01:16:54.5'),
    (39,'Jacob','nibh@hotmail.ca','46ce139b40981a5ce76630f91f40367654f72180376b253d8e299593e47b3813','0','2022-04-19 03:47:26.2'),
    (40,'Aladdin','libero@aol.org','46ce139b40981a5ce76630f91f40367654f72180376b253d8e299593e47b3813','0','2022-10-22 23:54:20.6');
INSERT INTO `utilizador` (`id`,`username`,`email`,`psw`,`grp`,`dh_registo`)
VALUES
    (41,'Brynne','ut.lacus@icloud.ca','46ce139b40981a5ce76630f91f40367654f72180376b253d8e299593e47b3813','0','2022-02-11 19:00:33.5'),
    (42,'May','elit.aliquam.auctor@yahoo.ca','46ce139b40981a5ce76630f91f40367654f72180376b253d8e299593e47b3813','0','2021-03-10 10:53:42.3'),
    (43,'Wang','velit.eu@google.couk','46ce139b40981a5ce76630f91f40367654f72180376b253d8e299593e47b3813','0','2022-02-26 08:24:01.6'),
    (44,'Caldwell','mi.aliquam@outlook.ca','46ce139b40981a5ce76630f91f40367654f72180376b253d8e299593e47b3813','0','2022-06-26 23:31:36.7'),
    (45,'Addison','mauris.blandit@aol.com','46ce139b40981a5ce76630f91f40367654f72180376b253d8e299593e47b3813','0','2022-11-12 22:45:52.6'),
    (46,'Lydia','quis.arcu@icloud.com','46ce139b40981a5ce76630f91f40367654f72180376b253d8e299593e47b3813','0','2022-03-03 01:24:47.4'),
    (47,'Igor','convallis@hotmail.couk','46ce139b40981a5ce76630f91f40367654f72180376b253d8e299593e47b3813','0','2021-06-13 10:55:16.7'),
    (48,'Ezra','risus.nulla@aol.com','46ce139b40981a5ce76630f91f40367654f72180376b253d8e299593e47b3813','0','2021-12-08 11:10:20.3'),
    (49,'Bruno','imperdiet.ullamcorper@outlook.edu','46ce139b40981a5ce76630f91f40367654f72180376b253d8e299593e47b3813','0','2021-06-18 13:55:04.5'),
    (50,'Hadassah','ornare.lectus@google.edu','46ce139b40981a5ce76630f91f40367654f72180376b253d8e299593e47b3813','0','2023-01-18 03:07:22.3');








-- ----------------------------------------------------------
-- projeto
-- ----------------------------------------------------------
INSERT INTO `projeto` (`id`,`nome`,`descricao`,`dh_registo`,`reg_utilizador_id`)
VALUES
    (1,'Nunc Limited','dui augue eu tellus. Phasellus','2021-12-07 00:16:12.2',29),
    (2,'Feugiat Metus PC','feugiat. Lorem ipsum dolor sit amet, consectetuer adipiscing','2022-06-02 15:09:27.4',9),
    (3,'Dignissim Associates','tempor, est ac mattis semper, dui lectus rutrum','2021-04-08 01:48:20.4',30),
    (4,'Ultrices Iaculis Odio Inc.','ut dolor','2021-10-16 07:43:40.6',35),
    (5,'Est Company','In condimentum. Donec','2021-06-18 07:30:44.5',40),
    (6,'Nullam Ut Nisi Ltd','lobortis risus. In mi pede, nonummy ut, molestie in,','2022-06-06 18:36:04.1',16),
    (7,'Mattis Associates','nascetur ridiculus mus. Aenean eget magna. Suspendisse tristique','2021-09-10 08:07:42.5',26),
    (8,'Nisi A Odio Inc.','sem magna nec quam. Curabitur','2021-08-12 01:54:45.4',13),
    (9,'Sociis Institute','Lorem ipsum dolor sit amet, consectetuer','2021-10-10 07:14:27.7',33),
    (10,'Auctor Mauris Vel Institute','ultrices,','2022-04-12 19:36:51.2',11);
INSERT INTO `projeto` (`id`,`nome`,`descricao`,`dh_registo`,`reg_utilizador_id`)
VALUES
    (11,'Egestas Ligula Foundation','sit amet metus. Aliquam erat volutpat. Nulla','2022-11-29 22:21:12.2',42),
    (12,'Vitae Purus Limited','aliquet, sem ut','2021-06-15 09:29:51.2',16),
    (13,'Metus In Institute','Curabitur vel lectus. Cum sociis natoque','2022-11-26 14:17:50.6',8),
    (14,'Et Pede Consulting','enim. Etiam imperdiet dictum','2022-05-21 19:16:36.6',35),
    (15,'Amet Corporation','a, auctor non,','2021-10-16 20:33:52.6',19),
    (16,'Vestibulum Nec Euismod Inc.','nonummy','2021-06-06 02:50:27.7',40),
    (17,'Semper Auctor Ltd','taciti sociosqu ad litora torquent per conubia','2022-02-28 01:09:36.1',28),
    (18,'Hendrerit Donec Porttitor Ltd','dignissim','2021-07-05 22:05:10.1',45),
    (19,'Tristique Pellentesque Corp.','montes, nascetur ridiculus mus. Proin vel nisl. Quisque fringilla','2022-08-13 09:09:02.6',24),
    (20,'Augue Malesuada Corporation','mi pede, nonummy ut, molestie in, tempus','2021-09-12 01:16:28.7',23);
INSERT INTO `projeto` (`id`,`nome`,`descricao`,`dh_registo`,`reg_utilizador_id`)
VALUES
    (21,'Pede Ultrices A Associates','dui lectus rutrum','2022-10-24 21:37:05.1',25),
    (22,'Convallis Dolor Quisque Industries','ligula.','2022-07-22 04:57:54.5',9),
    (23,'Quam Pellentesque Habitant Foundation','Phasellus dapibus quam quis diam. Pellentesque habitant morbi tristique','2022-08-15 07:07:03.1',50),
    (24,'Erat Institute','sagittis lobortis mauris. Suspendisse aliquet molestie tellus. Aenean','2021-02-01 05:39:32.1',6),
    (25,'Nunc Sed LLC','tempus mauris erat eget ipsum. Suspendisse sagittis. Nullam','2021-06-16 23:27:15.3',21),
    (26,'Consectetuer Euismod LLC','Aliquam nisl.','2022-08-30 01:57:37.2',48),
    (27,'Eget Venenatis A Ltd','Cras','2021-03-29 16:24:28.1',14),
    (28,'Habitant Associates','neque','2022-01-13 09:06:47.4',31),
    (29,'Lorem Luctus Ut Industries','vitae aliquam eros turpis non enim. Mauris','2021-05-09 10:50:49.7',32),
    (30,'Semper Tellus Incorporated','lectus','2022-08-11 01:31:13.4',44);
INSERT INTO `projeto` (`id`,`nome`,`descricao`,`dh_registo`,`reg_utilizador_id`)
VALUES
    (31,'Auctor Nunc Industries','mollis non, cursus non, egestas a,','2022-03-24 02:27:38.4',4),
    (32,'Nullam Nisl Maecenas PC','et magnis dis parturient montes, nascetur','2023-01-01 03:10:01.7',4),
    (33,'Aenean Eget Associates','in consectetuer ipsum','2022-06-05 14:08:40.7',3),
    (34,'Amet Consectetuer Adipiscing Associates','consectetuer rhoncus. Nullam velit','2021-03-28 02:03:24.7',18),
    (35,'Massa Quisque Foundation','ac urna. Ut tincidunt vehicula','2021-03-01 22:34:22.1',28),
    (36,'Eget Dictum Industries','massa. Integer','2021-11-18 10:29:25.4',2),
    (37,'Tincidunt Neque Corp.','mi lacinia mattis.','2021-04-13 05:39:29.2',25),
    (38,'Leo Morbi Ltd','quis accumsan','2021-06-26 12:42:22.6',13),
    (39,'Est Nunc Corp.','blandit congue. In','2021-06-22 13:45:08.2',18),
    (40,'Semper Egestas Institute','Cras pellentesque. Sed dictum. Proin eget odio. Aliquam vulputate ullamcorper','2021-09-03 12:18:43.5',12);
INSERT INTO `projeto` (`id`,`nome`,`descricao`,`dh_registo`,`reg_utilizador_id`)
VALUES
    (41,'Quisque Varius LLC','Duis ac arcu.','2022-08-09 17:55:00.2',39),
    (42,'Fusce Dolor Institute','lorem ipsum sodales purus, in molestie tortor nibh sit amet','2021-12-05 19:57:15.7',7),
    (43,'Ornare Lectus Corp.','pretium neque. Morbi quis urna. Nunc quis','2021-11-09 09:20:12.2',11),
    (44,'Molestie Pharetra Corporation','vitae risus. Duis','2022-12-10 09:44:12.6',7),
    (45,'Ipsum Limited','Lorem ipsum dolor','2021-04-29 17:12:30.4',39),
    (46,'Nunc Ac Corp.','Sed molestie. Sed','2021-08-21 23:06:54.6',41),
    (47,'Ligula Aenean Incorporated','','2022-01-11 05:53:10.2',2),
    (48,'Molestie Foundation','ligula consectetuer rhoncus. Nullam velit dui,','2022-10-25 02:24:35.2',2),
    (49,'At Egestas Institute','','2021-04-29 11:17:29.4',34),
    (50,'Donec Nibh Corporation','et malesuada fames ac turpis egestas. Fusce','2022-02-13 22:53:21.7',26);










-- ----------------------------------------------------------
-- tarefa
-- ----------------------------------------------------------
INSERT INTO `tarefa` (`id`,`descricao`,`dh_registo`,`reg_utilizador_id`,`projeto_id`)
VALUES
    (1,'Est Nunc PC','2021-09-17 21:54:40.5',41,8),
    (2,'Justo Proin Foundation','2021-05-15 20:12:04.6',6,4),
    (3,'Eu Nulla Incorporated','2022-04-24 11:14:01.7',49,47),
    (4,'Risus PC','2022-08-12 10:51:55.5',28,29),
    (5,'Dignissim Corporation','2021-02-09 22:08:53.2',32,12),
    (6,'A LLP','2021-09-22 11:09:38.3',8,3),
    (7,'Magnis LLP','2021-03-30 20:42:23.2',20,36),
    (8,'Mus Donec Dignissim Foundation','2022-04-22 21:48:33.5',31,15),
    (9,'Scelerisque PC','2021-05-10 23:04:09.1',34,33),
    (10,'Dolor Sit Industries','2022-04-09 06:00:14.6',42,38);
INSERT INTO `tarefa` (`id`,`descricao`,`dh_registo`,`reg_utilizador_id`,`projeto_id`)
VALUES
    (11,'Vitae Nibh Incorporated','2021-11-06 15:48:38.6',18,49),
    (12,'Tincidunt Pede Ac Inc.','2022-06-23 15:47:03.4',20,21),
    (13,'Parturient Montes Nascetur Consulting','2021-09-13 06:52:15.1',26,35),
    (14,'Leo Elementum Sem PC','2022-01-16 06:47:58.7',32,10),
    (15,'Fermentum Metus LLC','2022-07-19 12:39:27.2',43,21),
    (16,'Curabitur Incorporated','2022-04-16 22:50:19.6',11,49),
    (17,'Enim Associates','2023-01-11 08:21:23.3',4,10),
    (18,'Mi Enim Condimentum LLC','2022-07-16 09:24:58.6',44,35),
    (19,'Cubilia Curae Donec Institute','2022-05-23 16:12:54.1',32,10),
    (20,'Arcu Eu Odio Incorporated','2022-08-11 06:07:18.4',49,45);
INSERT INTO `tarefa` (`id`,`descricao`,`dh_registo`,`reg_utilizador_id`,`projeto_id`)
VALUES
    (21,'Fusce Feugiat LLP','2022-11-04 02:13:00.5',21,46),
    (22,'Nunc Ullamcorper Eu Incorporated','2021-11-17 04:00:35.3',25,5),
    (23,'Sit Amet Corporation','2021-08-08 04:11:44.7',28,8),
    (24,'Quam Vel LLC','2021-06-15 14:45:37.2',29,16),
    (25,'Convallis Ante Lectus LLC','2021-06-10 09:52:04.4',22,18),
    (26,'Leo Industries','2021-05-20 10:22:08.4',40,17),
    (27,'Ante Vivamus Associates','2022-08-11 22:39:02.4',16,21),
    (28,'Aliquam Erat Limited','2021-07-05 05:15:03.1',14,10),
    (29,'Ultrices Vivamus Rhoncus LLC','2022-07-09 09:19:21.6',23,11),
    (30,'Sed Diam Lorem Institute','2021-10-19 04:34:44.2',8,47);
INSERT INTO `tarefa` (`id`,`descricao`,`dh_registo`,`reg_utilizador_id`,`projeto_id`)
VALUES
    (31,'Nulla Integer Urna Institute','2021-12-22 04:52:18.3',10,17),
    (32,'Tristique Pharetra Quisque Corporation','2021-11-05 04:19:53.5',38,25),
    (33,'Enim Etiam Imperdiet Corporation','2021-06-18 13:04:55.5',12,48),
    (34,'Nunc Associates','2021-11-18 14:13:57.4',50,44),
    (35,'Eu Foundation','2021-05-02 16:27:08.7',5,20),
    (36,'Aenean Eget Corp.','2021-11-19 04:27:27.5',2,13),
    (37,'Elit Associates','2023-01-11 07:30:44.3',47,25),
    (38,'Egestas Ltd','2022-05-09 11:10:28.1',42,30),
    (39,'Erat Vitae Risus Incorporated','2022-01-06 11:54:13.4',31,3),
    (40,'Dolor Elit Associates','2021-10-19 02:41:39.2',34,12);
INSERT INTO `tarefa` (`id`,`descricao`,`dh_registo`,`reg_utilizador_id`,`projeto_id`)
VALUES
    (41,'Felis Foundation','2021-01-25 06:54:09.1',50,46),
    (42,'Neque Tellus LLP','2022-07-10 09:23:09.7',46,2),
    (43,'Magnis Dis Parturient Incorporated','2021-10-04 07:03:34.1',15,11),
    (44,'Vulputate Ullamcorper Magna Limited','2021-08-27 14:40:50.5',9,12),
    (45,'Dapibus Inc.','2022-02-10 17:53:44.4',47,1),
    (46,'Lobortis Risus Institute','2021-12-31 07:25:11.5',23,32),
    (47,'Suscipit Corporation','2022-12-01 12:10:14.4',22,36),
    (48,'Eu Ltd','2022-09-20 13:37:54.2',2,49),
    (49,'Egestas Urna Associates','2022-12-15 06:10:37.4',28,16),
    (50,'Risus A Ultricies Limited','2021-03-22 23:08:08.1',4,33);
INSERT INTO `tarefa` (`id`,`descricao`,`dh_registo`,`reg_utilizador_id`,`projeto_id`)
VALUES
    (51,'Elementum Lorem Ut Corporation','2021-12-21 05:45:28.2',30,45),
    (52,'Facilisi Sed Neque Industries','2022-06-03 04:52:43.5',47,1),
    (53,'Dignissim Corp.','2021-04-16 20:52:20.5',46,37),
    (54,'Condimentum Eget Consulting','2022-05-01 08:23:32.7',2,24),
    (55,'Ac Mi LLC','2022-03-25 07:27:56.5',2,47),
    (56,'Sit Amet Corporation','2022-12-21 07:45:03.3',7,13),
    (57,'Suspendisse Dui PC','2021-11-08 10:30:10.1',21,36),
    (58,'Vivamus Euismod Urna LLC','2022-03-27 00:35:57.7',11,14),
    (59,'Vitae Mauris Sit Foundation','2021-05-16 02:34:48.7',11,49),
    (60,'Vitae Orci Associates','2022-08-05 01:03:11.5',40,15);
INSERT INTO `tarefa` (`id`,`descricao`,`dh_registo`,`reg_utilizador_id`,`projeto_id`)
VALUES
    (61,'Sapien Molestie Associates','2021-12-13 18:22:14.1',5,10),
    (62,'Ac Ipsum Phasellus LLC','2022-11-25 18:04:05.5',48,36),
    (63,'Ac Corporation','2021-08-28 09:19:01.6',20,28),
    (64,'Vestibulum PC','2021-04-04 16:22:31.7',2,20),
    (65,'Libero Corp.','2022-12-15 11:44:37.4',32,45),
    (66,'Nulla Integer Corp.','2021-07-28 12:26:35.3',41,3),
    (67,'Non LLC','2022-11-22 20:25:47.2',4,46),
    (68,'Rutrum Urna Nec Ltd','2021-07-10 13:45:24.6',24,22),
    (69,'Vulputate Foundation','2021-04-21 14:49:31.3',36,11),
    (70,'Laoreet Corporation','2021-11-08 18:59:21.1',43,31);
INSERT INTO `tarefa` (`id`,`descricao`,`dh_registo`,`reg_utilizador_id`,`projeto_id`)
VALUES
    (71,'Vivamus Rhoncus Inc.','2022-12-10 21:18:23.6',29,4),
    (72,'Nullam Suscipit Est LLC','2021-05-07 08:21:56.5',26,8),
    (73,'Nec Imperdiet Nec Limited','2022-06-21 06:36:53.2',42,16),
    (74,'Ante Foundation','2021-02-09 23:07:33.2',50,41),
    (75,'Quis Pede Corp.','2022-03-23 04:21:39.3',11,20),
    (76,'Erat Nonummy LLP','2022-06-23 08:28:04.4',7,16),
    (77,'Purus Duis Elementum Ltd','2021-09-29 21:44:14.3',36,30),
    (78,'Aliquam Adipiscing Lacus LLC','2021-03-18 17:27:00.4',26,5),
    (79,'In Nec Foundation','2021-03-12 13:47:41.5',27,16),
    (80,'Purus Sapien Corp.','2021-10-05 10:08:18.2',39,40);
INSERT INTO `tarefa` (`id`,`descricao`,`dh_registo`,`reg_utilizador_id`,`projeto_id`)
VALUES
    (81,'Facilisis Lorem Tristique Ltd','2022-10-05 15:55:04.3',8,47),
    (82,'Mi Aliquam Gravida Corporation','2021-06-27 12:23:14.7',26,5),
    (83,'Tempus Mauris Erat Institute','2021-09-05 02:22:20.7',47,50),
    (84,'Molestie Dapibus Institute','2022-07-11 19:45:32.1',17,49),
    (85,'Nam LLP','2022-10-19 04:32:23.3',8,30),
    (86,'Dapibus Rutrum Limited','2021-12-18 14:26:03.6',14,38),
    (87,'Semper PC','2022-01-16 07:36:37.7',26,8),
    (88,'Accumsan Institute','2022-08-20 23:35:31.6',20,11),
    (89,'Cum Ltd','2022-09-15 01:30:52.4',43,7),
    (90,'Felis Institute','2021-02-24 23:17:33.3',47,44);
INSERT INTO `tarefa` (`id`,`descricao`,`dh_registo`,`reg_utilizador_id`,`projeto_id`)
VALUES
    (91,'Urna Suscipit Corp.','2021-09-17 20:17:54.5',13,46),
    (92,'Varius Orci Limited','2022-10-18 09:30:42.2',37,40),
    (93,'Sapien PC','2022-04-25 10:50:06.1',19,48),
    (94,'Quis Massa PC','2022-08-31 09:32:42.3',24,26),
    (95,'Egestas Hendrerit Associates','2022-05-14 17:40:22.6',37,44),
    (96,'Aliquam Fringilla Cursus Incorporated','2021-11-27 05:52:32.6',15,18),
    (97,'Dictum Augue Corporation','2021-04-30 08:57:00.5',21,27),
    (98,'Sed Nulla Foundation','2023-01-12 08:31:59.4',50,22),
    (99,'Purus Ac Ltd','2022-10-01 23:57:19.6',47,21),
    (100,'Non Luctus Inc.','2022-12-21 05:23:04.3',40,31);
INSERT INTO `tarefa` (`id`,`descricao`,`dh_registo`,`reg_utilizador_id`,`projeto_id`)
VALUES
    (101,'Nascetur Ridiculus PC','2022-08-18 08:54:39.4',26,32),
    (102,'Luctus Ipsum Leo LLP','2022-02-25 13:18:36.5',20,9),
    (103,'Rutrum Corporation','2022-03-28 21:42:02.1',26,9),
    (104,'Euismod Urna Nullam Limited','2022-09-09 04:59:52.5',18,46),
    (105,'Curae Donec Institute','2022-01-28 16:43:29.5',47,28),
    (106,'Magnis Incorporated','2022-04-27 21:28:44.3',10,47),
    (107,'Auctor Associates','2021-09-30 07:56:16.4',31,45),
    (108,'Dui Limited','2021-05-13 13:24:09.4',20,27),
    (109,'Sed Eget Foundation','2023-01-05 13:27:02.4',11,1),
    (110,'Enim Non Industries','2021-03-06 00:32:41.6',24,36);
INSERT INTO `tarefa` (`id`,`descricao`,`dh_registo`,`reg_utilizador_id`,`projeto_id`)
VALUES
    (111,'Penatibus Institute','2022-05-15 20:57:54.7',14,2),
    (112,'Nibh Corp.','2023-01-12 12:23:31.4',7,7),
    (113,'Placerat Augue Institute','2022-06-12 15:09:07.7',33,5),
    (114,'At Associates','2022-07-24 21:19:59.7',25,44),
    (115,'Ipsum Dolor Incorporated','2021-03-29 13:31:36.1',22,38),
    (116,'Nunc Mauris Sapien Corporation','2022-03-02 18:38:35.3',24,12),
    (117,'Vitae Sodales Consulting','2022-10-06 20:37:12.4',18,24),
    (118,'Molestie PC','2021-11-23 06:08:43.2',43,3),
    (119,'Eu Ligula Aenean Inc.','2021-04-13 11:13:58.2',37,11),
    (120,'Consequat Lectus LLC','2022-05-25 11:36:16.3',9,36);
INSERT INTO `tarefa` (`id`,`descricao`,`dh_registo`,`reg_utilizador_id`,`projeto_id`)
VALUES
    (121,'Massa Integer Institute','2022-07-24 15:30:20.7',27,10),
    (122,'Molestie Tellus Corp.','2021-10-19 12:45:07.2',41,18),
    (123,'Consectetuer Adipiscing LLC','2022-08-06 02:27:06.6',18,20),
    (124,'Natoque LLC','2022-04-14 17:07:14.4',17,23),
    (125,'Amet Consectetuer Adipiscing Corp.','2021-12-19 22:24:21.7',18,6),
    (126,'Accumsan Convallis PC','2022-03-15 11:52:11.2',25,16),
    (127,'Ultrices Iaculis PC','2021-12-21 11:52:08.2',12,45),
    (128,'Mauris Morbi Company','2022-11-04 18:31:07.5',8,31),
    (129,'Vulputate Velit Eu Consulting','2022-07-29 16:51:06.5',19,6),
    (130,'Montes Nascetur Corporation','2022-09-06 00:14:01.2',46,25);
INSERT INTO `tarefa` (`id`,`descricao`,`dh_registo`,`reg_utilizador_id`,`projeto_id`)
VALUES
    (131,'Ac Sem Ut Inc.','2022-06-01 18:34:11.3',49,3),
    (132,'Suscipit Est LLP','2022-05-15 15:42:10.7',49,42),
    (133,'Hendrerit Donec PC','2022-08-27 06:40:31.6',7,16),
    (134,'Habitant Morbi Tristique Limited','2021-03-14 03:13:48.7',44,48),
    (135,'Mi Lorem PC','2021-05-11 21:53:37.2',21,11),
    (136,'Nonummy Ipsum LLC','2022-02-28 20:52:24.1',20,30),
    (137,'Massa Quisque Institute','2022-07-20 14:21:22.3',46,49),
    (138,'Elit Incorporated','2021-02-07 08:14:43.7',34,13),
    (139,'Malesuada Corp.','2022-05-19 08:43:55.4',24,35),
    (140,'Arcu Ac Orci Limited','2022-10-13 12:26:02.4',47,48);
INSERT INTO `tarefa` (`id`,`descricao`,`dh_registo`,`reg_utilizador_id`,`projeto_id`)
VALUES
    (141,'Tempus Eu Company','2021-09-05 22:33:11.7',4,33),
    (142,'Nonummy Fusce Corp.','2022-11-04 21:56:56.5',2,18),
    (143,'Ut Incorporated','2022-08-26 06:06:55.5',6,6),
    (144,'Libero Est Congue Associates','2021-12-07 20:42:29.2',30,6),
    (145,'Mauris Vestibulum Limited','2021-07-14 18:54:47.3',5,25),
    (146,'Curabitur Ut PC','2022-05-31 17:23:12.2',42,16),
    (147,'Auctor Corp.','2021-10-30 22:51:46.6',24,30),
    (148,'Vitae Diam Proin Incorporated','2021-11-24 20:03:04.3',49,11),
    (149,'Sociis Natoque Penatibus LLC','2021-10-08 13:19:33.5',23,36),
    (150,'Magnis Ltd','2022-09-22 19:33:10.4',18,14);
INSERT INTO `tarefa` (`id`,`descricao`,`dh_registo`,`reg_utilizador_id`,`projeto_id`)
VALUES
    (151,'Suspendisse Aliquet PC','2022-06-07 04:09:40.2',43,49),
    (152,'Dis Parturient Corp.','2022-10-20 03:16:22.4',28,38),
    (153,'Ultrices A Associates','2022-10-01 13:30:06.6',32,36),
    (154,'Nulla Tincidunt LLP','2021-06-17 05:02:22.4',16,27),
    (155,'Ipsum Dolor LLC','2021-02-10 10:46:35.3',36,14),
    (156,'Mollis Dui Incorporated','2021-04-21 17:20:34.3',45,17),
    (157,'Quisque Purus Sapien Consulting','2022-09-05 09:08:22.1',38,19),
    (158,'Fermentum LLC','2022-06-04 19:02:09.6',8,4),
    (159,'Nisi Nibh Lacinia Incorporated','2022-07-25 09:48:06.1',16,40),
    (160,'Justo Proin Industries','2021-09-09 15:26:37.4',14,14);
INSERT INTO `tarefa` (`id`,`descricao`,`dh_registo`,`reg_utilizador_id`,`projeto_id`)
VALUES
    (161,'Ante PC','2021-07-13 17:52:03.2',13,48),
    (162,'Vulputate Risus Incorporated','2021-11-24 09:20:46.3',6,49),
    (163,'Lacus Mauris Industries','2022-04-07 03:49:56.4',30,25),
    (164,'Id Magna Ltd','2022-03-13 09:11:58.7',29,13),
    (165,'Tellus Sem LLP','2022-07-23 04:07:20.6',5,27),
    (166,'Faucibus Lectus A PC','2022-09-10 23:17:41.6',31,44),
    (167,'Consequat Enim Diam Institute','2021-05-07 03:32:39.5',4,9),
    (168,'Aliquam Tincidunt Nunc Associates','2021-06-27 06:38:00.7',16,39),
    (169,'Non Bibendum Inc.','2021-03-12 02:41:28.5',17,13),
    (170,'Orci Ut Associates','2023-01-09 08:51:31.1',12,38);
INSERT INTO `tarefa` (`id`,`descricao`,`dh_registo`,`reg_utilizador_id`,`projeto_id`)
VALUES
    (171,'Sociosqu Corp.','2021-12-18 10:51:58.6',27,31),
    (172,'Etiam Bibendum Associates','2021-06-06 10:41:44.7',11,14),
    (173,'Volutpat LLC','2021-05-05 00:27:17.3',32,14),
    (174,'Elementum At Incorporated','2021-01-21 03:12:57.4',1,43),
    (175,'Vel Quam Industries','2021-02-27 23:04:57.6',33,43),
    (176,'Turpis Egestas Incorporated','2022-05-29 02:26:22.7',28,43),
    (177,'Curabitur Sed PC','2022-07-12 08:27:29.2',12,39),
    (178,'Mi Lorem Incorporated','2021-08-01 02:37:01.7',8,11),
    (179,'Elementum LLC','2022-05-21 02:24:11.6',35,20),
    (180,'Montes Nascetur Ridiculus Incorporated','2021-02-09 19:24:55.2',15,42);
INSERT INTO `tarefa` (`id`,`descricao`,`dh_registo`,`reg_utilizador_id`,`projeto_id`)
VALUES
    (181,'Ligula PC','2021-04-04 01:28:17.7',33,32),
    (182,'Vulputate Lacus Ltd','2022-04-18 04:02:28.1',2,31),
    (183,'Libero Inc.','2021-10-21 14:07:58.4',27,38),
    (184,'Mollis Lectus LLP','2021-03-25 21:14:43.4',43,18),
    (185,'Velit Eu Company','2022-10-12 10:59:29.3',48,26),
    (186,'Nonummy Limited','2021-02-17 06:12:18.3',46,33),
    (187,'Integer Mollis Limited','2021-11-01 09:15:02.1',4,28),
    (188,'Nascetur Ridiculus Mus Ltd','2021-10-18 16:09:10.1',19,48),
    (189,'Arcu LLP','2021-02-03 12:11:48.3',15,27),
    (190,'Magnis Ltd','2022-05-03 00:27:47.2',27,33);
INSERT INTO `tarefa` (`id`,`descricao`,`dh_registo`,`reg_utilizador_id`,`projeto_id`)
VALUES
    (191,'A Auctor PC','2021-08-19 16:31:38.4',45,8),
    (192,'Adipiscing Non Luctus Foundation','2022-06-11 08:17:26.6',18,49),
    (193,'Amet Ltd','2022-04-23 02:51:41.6',10,9),
    (194,'Orci Luctus Associates','2022-06-27 08:09:47.1',23,41),
    (195,'Aenean Corp.','2021-02-05 15:38:22.5',48,11),
    (196,'Lectus A Sollicitudin Institute','2021-11-11 18:16:36.4',16,50),
    (197,'Netus Et Institute','2022-01-18 01:10:22.2',15,16),
    (198,'Pede Institute','2021-08-04 11:32:54.3',36,39),
    (199,'Tincidunt Dui Foundation','2021-07-09 03:37:28.5',44,24),
    (200,'Faucibus Id Libero PC','2022-05-16 10:41:54.1',16,35);
INSERT INTO `tarefa` (`id`,`descricao`,`dh_registo`,`reg_utilizador_id`,`projeto_id`)
VALUES
    (201,'Etiam Bibendum Fermentum PC','2022-06-22 23:52:17.3',49,2),
    (202,'Magna Malesuada Foundation','2021-11-23 08:46:16.2',41,34),
    (203,'Non Bibendum Corporation','2022-12-17 14:07:10.6',31,3),
    (204,'Vitae Risus Inc.','2021-02-14 09:14:41.7',14,47),
    (205,'Consectetuer Adipiscing Inc.','2021-11-22 03:57:28.1',19,37),
    (206,'Eget Magna Corp.','2021-11-15 20:04:24.1',49,32),
    (207,'Pede Cum Sociis Corp.','2022-04-15 05:04:21.5',41,42),
    (208,'Sit Limited','2021-10-26 11:51:12.2',12,26),
    (209,'Eleifend Non Associates','2022-01-11 20:00:42.2',43,42),
    (210,'Nunc Sollicitudin Associates','2021-03-19 13:51:49.5',9,11);
INSERT INTO `tarefa` (`id`,`descricao`,`dh_registo`,`reg_utilizador_id`,`projeto_id`)
VALUES
    (211,'Accumsan Interdum Ltd','2022-09-20 15:08:18.2',20,12),
    (212,'Nulla Facilisi Sed Corp.','2022-11-04 10:16:54.5',8,49),
    (213,'Faucibus Leo PC','2022-09-14 19:29:47.3',14,3),
    (214,'Egestas Aliquam Consulting','2021-07-20 16:22:32.2',32,32),
    (215,'Mi Felis Limited','2022-07-15 18:19:24.5',33,49),
    (216,'Arcu LLC','2022-01-24 09:52:51.1',24,4),
    (217,'Nunc LLP','2021-03-27 15:41:14.6',3,47),
    (218,'Ac Risus Incorporated','2022-02-06 11:03:31.7',9,23),
    (219,'Massa Foundation','2022-07-17 00:21:30.7',15,8),
    (220,'Eu Dolor Inc.','2021-07-10 19:30:56.6',32,41);
INSERT INTO `tarefa` (`id`,`descricao`,`dh_registo`,`reg_utilizador_id`,`projeto_id`)
VALUES
    (221,'A Mi Fringilla Institute','2021-09-19 12:32:27.7',33,46),
    (222,'Sem Vitae Industries','2021-04-06 23:41:23.2',9,17),
    (223,'Massa Non Corp.','2022-06-19 08:46:13.7',48,37),
    (224,'Eleifend Vitae Erat LLC','2022-08-03 09:01:49.3',11,15),
    (225,'Maecenas Mi PC','2021-11-09 17:38:13.2',49,8),
    (226,'Molestie Pharetra Corporation','2021-03-02 23:38:53.2',46,35),
    (227,'Duis Dignissim Consulting','2021-11-10 05:38:16.3',10,43),
    (228,'Elit A Associates','2022-04-16 13:30:37.6',26,35),
    (229,'Erat Etiam Vestibulum Incorporated','2021-10-17 08:52:47.7',22,21),
    (230,'A Arcu Company','2022-01-27 23:08:02.4',29,38);
INSERT INTO `tarefa` (`id`,`descricao`,`dh_registo`,`reg_utilizador_id`,`projeto_id`)
VALUES
    (231,'Libero Proin Sed PC','2021-05-01 15:02:31.6',18,21),
    (232,'Nec Incorporated','2021-07-01 21:44:15.4',17,23),
    (233,'Ornare Libero LLP','2022-09-13 11:31:51.2',44,2),
    (234,'Nunc Risus Varius Foundation','2022-01-14 15:15:17.5',49,6),
    (235,'Amet Faucibus Ut Associates','2021-12-14 13:24:15.2',22,5),
    (236,'Tempor Limited','2021-03-24 08:41:01.3',26,39),
    (237,'Sagittis Semper Nam Institute','2021-10-13 07:02:04.3',20,13),
    (238,'Diam Vel Ltd','2022-03-29 07:05:04.2',20,36),
    (239,'Consectetuer Adipiscing Elit Corp.','2022-01-12 01:40:50.3',2,16),
    (240,'Egestas Blandit Nam LLC','2022-06-08 06:45:18.3',4,27);
INSERT INTO `tarefa` (`id`,`descricao`,`dh_registo`,`reg_utilizador_id`,`projeto_id`)
VALUES
    (241,'Integer Vitae Corporation','2022-03-03 07:30:30.4',2,23),
    (242,'Ornare Egestas Ligula Foundation','2021-08-21 14:40:14.6',23,19),
    (243,'Convallis Ltd','2022-03-30 21:59:35.3',28,47),
    (244,'Odio Ltd','2021-10-17 21:50:50.7',31,33),
    (245,'A Feugiat Tellus Corp.','2021-01-21 11:10:22.4',18,29),
    (246,'Quisque Industries','2022-01-24 20:35:27.1',28,29),
    (247,'Pretium Et Rutrum Inc.','2022-08-31 04:00:11.3',41,19),
    (248,'Nunc Sed Institute','2022-04-30 03:14:39.6',46,21),
    (249,'Venenatis Foundation','2021-05-13 00:02:27.4',12,6),
    (250,'Ipsum Nunc Institute','2022-10-07 19:08:20.5',7,2);
INSERT INTO `tarefa` (`id`,`descricao`,`dh_registo`,`reg_utilizador_id`,`projeto_id`)
VALUES
    (251,'Sed Incorporated','2021-06-05 09:16:34.6',10,17),
    (252,'Sit Amet Industries','2022-02-24 10:16:09.4',39,17),
    (253,'Sem Eget Associates','2021-04-03 14:25:30.6',27,15),
    (254,'Tempor Erat LLC','2021-06-28 02:33:35.1',21,11),
    (255,'Egestas Fusce Inc.','2021-07-02 08:56:21.5',43,11),
    (256,'Turpis Company','2022-11-01 18:32:42.2',18,6),
    (257,'Sem Egestas Blandit Consulting','2021-02-09 18:52:57.2',25,5),
    (258,'Dui Corporation','2022-06-30 05:53:49.4',23,8),
    (259,'Non Industries','2021-03-03 11:37:03.3',7,40),
    (260,'Sagittis Lobortis Mauris Ltd','2022-08-26 21:21:05.5',13,42);
INSERT INTO `tarefa` (`id`,`descricao`,`dh_registo`,`reg_utilizador_id`,`projeto_id`)
VALUES
    (261,'Dapibus LLC','2023-01-08 02:47:19.7',11,34),
    (262,'Ultrices Duis Volutpat Corporation','2022-01-27 20:18:32.4',29,11),
    (263,'Quam PC','2022-07-12 06:03:57.2',16,1),
    (264,'Ad Litora Torquent Consulting','2023-01-15 17:21:28.7',13,44),
    (265,'Penatibus Et Limited','2021-05-30 20:12:05.7',9,50),
    (266,'Mollis Non Cursus PC','2022-02-04 19:08:50.5',9,43),
    (267,'Lacus Varius Incorporated','2022-05-04 02:11:16.3',36,39),
    (268,'Morbi Non LLP','2022-11-04 14:49:40.5',22,47),
    (269,'Pellentesque Tellus Sem LLP','2022-10-13 15:04:05.4',22,41),
    (270,'Volutpat Inc.','2023-01-11 00:54:00.3',50,27);
INSERT INTO `tarefa` (`id`,`descricao`,`dh_registo`,`reg_utilizador_id`,`projeto_id`)
VALUES
    (271,'Auctor Velit Industries','2022-10-15 10:38:46.6',49,47),
    (272,'Mauris Associates','2021-09-23 02:53:36.4',22,38),
    (273,'Porttitor Vulputate Industries','2021-10-19 23:37:42.2',14,38),
    (274,'Posuere Limited','2021-07-10 16:46:33.6',26,50),
    (275,'Vitae Aliquet Ltd','2022-02-10 19:33:31.4',46,26),
    (276,'Tempor Corporation','2021-07-24 18:20:35.6',19,37),
    (277,'Varius Et Euismod PC','2021-04-27 23:38:40.2',13,12),
    (278,'Massa Suspendisse Incorporated','2022-12-25 06:19:34.7',19,43),
    (279,'Tempor Company','2021-05-25 09:40:44.2',44,45),
    (280,'Magna Malesuada Corporation','2022-10-12 04:50:15.3',18,39);
INSERT INTO `tarefa` (`id`,`descricao`,`dh_registo`,`reg_utilizador_id`,`projeto_id`)
VALUES
    (281,'Auctor Corp.','2022-09-24 13:26:51.6',12,32),
    (282,'Tellus Corporation','2021-09-05 02:29:33.7',36,46),
    (283,'Aliquam Iaculis Associates','2022-08-01 07:45:33.1',39,46),
    (284,'Aliquam Nec Institute','2023-01-10 15:31:26.2',3,9),
    (285,'Lacus Aliquam Rutrum Foundation','2022-11-24 20:40:41.4',10,22),
    (286,'Lacinia Mattis Corporation','2021-11-13 17:16:43.6',22,49),
    (287,'Ante Vivamus Foundation','2021-03-01 17:06:55.1',15,5),
    (288,'Commodo Auctor Velit Corporation','2022-06-17 13:30:50.5',47,24),
    (289,'Fames Corporation','2021-12-07 16:34:18.2',15,17),
    (290,'Donec Consectetuer LLC','2021-03-13 19:05:45.6',10,3);
INSERT INTO `tarefa` (`id`,`descricao`,`dh_registo`,`reg_utilizador_id`,`projeto_id`)
VALUES
    (291,'Tortor At Limited','2022-05-18 13:15:13.3',38,23),
    (292,'Euismod Ac Inc.','2022-09-19 09:30:12.1',41,8),
    (293,'Sem Limited','2022-07-13 15:09:32.3',44,34),
    (294,'Augue Id Ante Corporation','2022-11-18 03:08:05.5',38,32),
    (295,'Sociis Natoque Inc.','2021-06-07 03:20:12.1',37,13),
    (296,'Sodales Mauris Limited','2021-06-01 18:17:41.2',2,42),
    (297,'Augue Porttitor PC','2022-11-12 15:51:28.6',30,32),
    (298,'Diam Eu Dolor Industries','2022-11-13 08:45:02.7',5,7),
    (299,'Ultricies Dignissim Industries','2022-09-07 01:54:59.3',43,48),
    (300,'Malesuada Incorporated','2021-03-10 12:59:36.3',32,13);


